"Reference","Qty","Value","DNP","Exclude from BOM","Exclude from Board","Footprint","Datasheet"
"C101,C103,C206,C207,C302,C403,C504,C604,C704","9","1uF","","","","Capacitor_SMD:C_0603_1608Metric","~"
"C102,C104,C202,C203,C204,C205,C417,C418","8","100nF","","","","Capacitor_SMD:C_0603_1608Metric","~"
"C201","1","10nF","","","","Capacitor_SMD:C_0603_1608Metric","~"
"C208,C409,C410","3","10uF","","","","Capacitor_SMD:C_0603_1608Metric","~"
"C301","1","2.2uF","","","","Capacitor_SMD:C_1210_3225Metric","~"
"C303","1","4.7uF","","","","Capacitor_SMD:C_0603_1608Metric","~"
"C304","1","2.2nF","","","","Capacitor_SMD:C_0805_2012Metric","~"
"C305","1","56pF","","","","Capacitor_SMD:C_0805_2012Metric","~"
"C306","1","1.2nF","","","","Capacitor_SMD:C_0603_1608Metric","~"
"C307,C308","2","270uF","","","","Capacitor_THT:CP_Radial_D16.0mm_P7.50mm","~"
"C309","1","22uF","","","","Capacitor_SMD:C_1206_3216Metric","~"
"C401","1","270nF","","","","Capacitor_SMD:C_0603_1608Metric","~"
"C402","1","22uF","","","","Capacitor_SMD:C_0805_2012Metric","~"
"C404,C407","2","10uF","","","","Capacitor_SMD:C_0805_2012Metric","~"
"C405,C501,C601,C701","4","100nF","","","","Capacitor_SMD:C_0805_2012Metric","~"
"C406","1","1uF","","","","Capacitor_SMD:C_1206_3216Metric","~"
"C408","1","10uF","","","","Capacitor_SMD:C_1206_3216Metric","~"
"C411,C413,C416","3","100pF","","","","Capacitor_SMD:C_0603_1608Metric","~"
"C412,C414,C415,C502,C602,C702","6","1nF","","","","Capacitor_SMD:C_0603_1608Metric","~"
"C503,C603,C703","3","4.7uF","","","","Capacitor_SMD:C_1210_3225Metric","~"
"D101,D301","2","RED LED","","","","LED_SMD:LED_0603_1608Metric","~"
"D102","1","ORANGE LED","","","","LED_SMD:LED_0603_1608Metric","~"
"D103","1","GREEN LED","","","","LED_SMD:LED_0603_1608Metric","~"
"D104","1","BLUE LED","","","","LED_SMD:LED_0603_1608Metric","~"
"D302","1","SMBJ70A-13-F","","","","Diode_SMD:D_SMB","https://www.st.com/resource/en/datasheet/sm6t.pdf"
"D401","1","ORANGE_LED","","","","LED_SMD:LED_0603_1608Metric","~"
"H101,H102,H103,H104","4","M3","","","","MountingHole:MountingHole_3.2mm_M3_Pad_Via","~"
"J101","1","Conn_01x08","","","","Connector_PinHeader_2.54mm:PinHeader_1x08_P2.54mm_Vertical","~"
"J102","1","395221002","","","","Connector_Molex_TerminalBlock:Molex_39522-002_1x02_P5.00mm_Horizontal","~"
"J103","1","USB4105-GF-A","","","","Connector_USB:USB_C_Receptacle_GCT_USB4105-xx-A_16P_TopMnt_Horizontal","https://www.usb.org/sites/default/files/documents/usb_type-c.zip"
"J104,J105","2","Conn_01x05","","","","Connector_PinHeader_2.54mm:PinHeader_1x05_P2.54mm_Vertical","~"
"J106","1","Conn_01x04","","","","Connector_PinHeader_2.54mm:PinHeader_1x04_P2.54mm_Vertical","~"
"J107,J110","2","395221005","","","","Connector_Molex_TerminalBlock:Molex_39522-005_1x05_P5.00mm_Horizontal","~"
"J108","1","395221003","","","","Connector_Molex_TerminalBlock:Molex_39522-003_1x03_P5.00mm_Horizontal","~"
"J109","1","Conn_02x12_Counter_Clockwise","","","","Connector_PinHeader_2.54mm:PinHeader_2x10_P2.54mm_Vertical","~"
"L301","1","33uH","","","","Inductor_Vishay:L_Vishay_IHLP-3232","~"
"L401","1","27uH","","","","Inductor_SMD:L_APV_ANR6045","~"
"NT1,NT2,NT3","3","NetTie_2","","Excluded from BOM","","NetTie:NetTie-2_THT_Pad0.3mm","~"
"Q501,Q502,Q601,Q602,Q701,Q702","6","CSD18540Q5B","","","","Package_TO_SOT_SMD:TDSON-8-1","http://www.ti.com/lit/gpn/csd18540q5b"
"R101,R102,R103,R104,R302,R404","6","470","","","","Resistor_SMD:R_0603_1608Metric","~"
"R105,R106","2","5.1k","","","","Resistor_SMD:R_0603_1608Metric","~"
"R107,R307,R401,R402,R403","5","10k","","","","Resistor_SMD:R_0603_1608Metric","~"
"R301","1","41.2k","","","","Resistor_SMD:R_0603_1608Metric","~"
"R303","1","392k","","","","Resistor_SMD:R_0603_1608Metric","~"
"R304","1","316k","","","","Resistor_SMD:R_0603_1608Metric","~"
"R305","1","101k","","","","Resistor_SMD:R_0603_1608Metric","~"
"R306","1","30k","","","","Resistor_SMD:R_0603_1608Metric","~"
"R405,R406,R407","3","100","","","","Resistor_SMD:R_0603_1608Metric","~"
"R408,R409,R410,R411,R412,R413,R414,R415,R416","9","4.7k","","","","Resistor_SMD:R_0603_1608Metric","~"
"R501,R601,R701","3","3mΩ","","","","Resistor_SMD:R_2512_6332Metric_Pad1.40x3.35mm_HandSolder","~"
"SW101,SW102","2","SW_Push","","","","Button_Switch_SMD:SW_SPST_FSMSM","~"
"TP101,TP102,TP103,TP104,TP105,TP106,TP107,TP108,TP109","9","TestPoint","","","","TestPoint:TestPoint_THTPad_D2.0mm_Drill1.0mm","~"
"TP110,TP111,TP112,TP113","4","~","","","","TestPoint:TestPoint_THTPad_D2.0mm_Drill1.0mm","~"
"U101","1","ECMF02-2AMX6","","","","Package_DFN_QFN:ST_UQFN-6L_1.5x1.7mm_P0.5mm","https://www.st.com/resource/en/datasheet/ecmf02-2amx6.pdf"
"U201","1","STM32L412CBTx","","","","Package_QFP:LQFP-48_7x7mm_P0.5mm","https://www.st.com/resource/en/datasheet/stm32l412cb.pdf"
"U301","1","TPS746-Q1","","","","Package_SON:WSON-6-1EP_2x2mm_P0.65mm_EP1x1.6mm","https://www.ti.com/lit/ds/symlink/tps746-q1.pdf"
"U302","1","LM5164DDA","","","","Package_SO:HSOP-8-1EP_3.9x4.9mm_P1.27mm_EP2.41x3.1mm_ThermalVias","https://www.ti.com/lit/ds/symlink/lm5164.pdf?ts=1598311864250&ref_url=https%253A%252F%252Fwww.ti.com%252Fproduct%252FLM5164%253FHQS%253DTI-null-null-octopart-df-pf-null-wwe"
"U303","1","TPS2116DRL","","","","Package_TO_SOT_SMD:SOT-583-8","https://www.ti.com/lit/ds/symlink/tps2116.pdf"
"U401","1","TMC9660","","","","Package_QFN:QFN-64-1EP_9x9mm_P0.5mm_EP6.3x6.3mm","https://www.analog.com/media/en/technical-documentation/data-sheets/tmc9660.pdf"
"U402,U403","2","SN74LVC3G17","","","","Package_SO:VSSOP-8_2.3x2mm_P0.5mm","https://www.ti.com/lit/ds/symlink/sn74lvc3g17.pdf"
